{
	"ret": 0,
	"ids": [
		{
			"id": "SAF2017091103027500",
			"comments": 119
		}, {
			"id": "20170911A09U6K00",
			"comments": 72
		}, {
			"id": "20170911A05PCH00",
			"comments": 990
		}, {
			"id": "20170911A00PP900",
			"comments": 83
		}, {
			"id": "20170911A0403K00",
			"comments": 224
		}, {
			"id": "20170910A03RKF00",
			"comments": 1805
		}, {
			"id": "20170912A01HNE00",
			"comments": 38
		}, {
			"id": "20170910V03E7500",
			"comments": 100
		}, {
			"id": "20170910A022NQ00",
			"comments": 1364
		}
	],
	"newslist": [
		{
			"id": "SAF2017091103027500",
			"uinnick": "\u817e\u8baf\u65b0\u95fb",
			"uinname": "news_news_safepool",
			"title": "\u6218\u529b\u4e0d\u53ef\u5c0f\u89d1\uff1a\u97e9\u56fd\u7b2c9\u8258214\u578b\u6f5c\u8247\u4e0b\u6c34",
			"surl": "http:\/\/view.inews.qq.com\/a\/SAF2017091103027501",
			"short_url": "https:\/\/view.inews.qq.com\/a\/SAF2017091103027501",
			"weiboid": "",
			"commentid": "2121281621",
			"url": "https:\/\/view.inews.qq.com\/a\/SAF2017091103027501",
			"origUrl": "",
			"time": "2017-09-11 10:00:43",
			"timestamp": 1505095243,
			"articletype": "0",
			"specialID": "",
			"showType_video": "normal",
			"thumbnails_big": [],
			"thumbnails_qqnews": [
				"http:\/\/inews.gtimg.com\/newsapp_ls\/0\/2028993031_294195\/0"
			],
			"thumbnails": [
				"http:\/\/inews.gtimg.com\/newsapp_ls\/0\/2028993031_294195\/0"
			],
			"qishu": "",
			"source": "\u592e\u5e7f\u519b\u4e8b",
			"imagecount": 0,
			"comment": "",
			"flag": "0",
			"tag": [],
			"voteId": "",
			"voteNum": "",
			"abstract": "\u6218\u529b\u4e0d\u53ef\u5c0f\u89d1\uff1a\u97e9\u56fd\u7b2c9\u8258214\u578b\u6f5c\u8247\u4e0b\u6c34",
			"thumbnails_qqnews_photo": [
				"http:\/\/inews.gtimg.com\/newsapp_ls\/0\/2028993031_640330\/0"
			],
			"showType": "three",
			"show_expr": 1,
			"pushCommentCount": 0,
			"graphicLiveID": "",
			"openAds": 0,
			"openAdsText": 1,
			"openAdsComment": 1,
			"openAdsPhotos": 0,
			"gesture": 1,
			"zhibo_vid": "",
			"chlid": "news_news_safepool",
			"chlname": "\u592e\u5e7f\u519b\u4e8b",
			"chlsicon": "",
			"chlicon": "",
			"chlmrk": "",
			"intro": "",
			"FadCid": "",
			"media_id": "",
			"disableDeclare": 1,
			"forbidCommentUpDown": 1,
			"longtitle": "\u6218\u529b\u4e0d\u53ef\u5c0f\u89d1\uff1a\u97e9\u56fd\u7b2c9\u8258214\u578b\u6f5c\u8247\u4e0b\u6c34",
			"picShowType": 0,
			"show_source": 0,
			"forbidExpr": 1,
			"disableDelete": 0,
			"isSensitive": 0,
			"forbidRedPacket": 0,
			"toneScore": "0",
			"qualityScore": "0",
			"bigImage": [
				"http:\/\/inews.gtimg.com\/newsapp_ls\/0\/2028993031_870492\/0"
			],
			"realChlName": "",
			"dislikeOption": [
				{
					"id": "0011",
					"type": "common",
					"name": "\u5185\u5bb9\u8d28\u91cf\u5dee"
				}, {
					"id": "0022",
					"type": "common",
					"name": "\u91cd\u590d\u3001\u65e7\u95fb"
				}, {
					"type": "category",
					"name": "\u6b66\u5668\u88c5\u5907",
					"id": "85",
					"sid": "744"
				}, {
					"id": "4158686",
					"type": "tag",
					"name": "\u6f5c\u8247"
				}, {
					"id": "8658025",
					"type": "tag",
					"name": "\u97e9\u56fd\u6d77\u519b"
				}, {
					"id": "0044",
					"type": "source",
					"name": "\u6765\u6e90:\u592e\u5e7f\u519b\u4e8b"
				}
			],
			"alg_version": 1003,
			"seq_no": "8634337347708730786$$$0-0-61--0-0-0-0-99$$$REC|SPL",
			"reasonInfo": "mil_SPL_0_0_weapon_0_0_0_255_1",
			"indexPos": "61",
			"labelList": [],
			"article_pos": 1,
			"is_focused": 0
		}, {
			"id": "20170911A09U6K00",
			"uinnick": "\u53c2\u8003\u6d88\u606f",
			"uinname": "1048",
			"title": "\u6d1e\u6717\u5bf9\u5cd9\u7ed3\u675f\u4e0d\u5230\u4e24\u5468\uff0c\u5370\u53c8\u5bf9\u534e\u641e\u5c0f\u52a8\u4f5c",
			"surl": "http:\/\/view.inews.qq.com\/a\/20170911A09U6K00",
			"short_url": "",
			"weiboid": "",
			"commentid": "2122384871",
			"url": "https:\/\/view.inews.qq.com\/a\/20170911A09U6K00",
			"origUrl": "",
			"time": "2017-09-11 21:23:27",
			"timestamp": 1505136207,
			"articletype": "0",
			"specialID": "",
			"showType_video": "normal",
			"thumbnails_big": [],
			"thumbnails_qqnews": [
				"http:\/\/inews.gtimg.com\/newsapp_ls\/0\/2032510131_294195\/0"
			],
			"thumbnails": [
				"http:\/\/inews.gtimg.com\/newsapp_ls\/0\/2032510131_294195\/0"
			],
			"qishu": "",
			"source": "\u53c2\u8003\u6d88\u606f",
			"imagecount": 0,
			"comment": "",
			"flag": "",
			"tag": [],
			"voteId": "",
			"voteNum": "",
			"abstract": "\u65b0\u5a92\u4f53\u7ba1\u5bb6\u201c\u6211\u4eec\u6574\u4e2a\u90a6\u90fd\u9707\u60ca\u4e86\u3002\u6211\u4eec\u5bf9\u5370\u5ea6\u5916\u4ea4\u90e8\u8fd9\u4e2a\u5145\u6ee1\u6b67\u89c6\u548c\u504f\u89c1\u7684\u51b3\u5b9a\u8868\u793a\u5f3a\u70c8\u6297\u8bae\u3002\u201d\u5c31\u5728\u521a\u521a\u8fc7\u53bb\u7684\u8fd9\u4e2a\u5468\u672b\uff0c\u4e00\u6761\u65a5\u8d23\u5370\u5ea6\u5916\u4ea4\u90e8\u7684\u63a8\u6587\u5728\u8be5\u56fd\u793e\u4ea4\u5a92\u4f53\u4e0a\u5e7f\u4e3a\u4f20\u64ad\u3002\u4e0d\u8fc7\uff0c\u5176\u53d1\u5e03\u8005\u5374\u5e76\u975e\u6765\u81ea\u56fd\u5916\uff0c\u800c\u662f\u5370\u5ea6\u672c\u56fd\u7684\u4e00\u4f4d\u91cd\u91cf\u7ea7\u5730\u65b9\u5b98\u5458\u2014\u2014\u5580\u62c9\u62c9\u90a6\u9996\u5e2d\u90e8\u957f\u7ef4\u8d3e\u626c\u3002\u5c31\u5728\u51e0\u5929\u524d\uff0c\u8be5\u90a6\u7684\u65c5\u6e38\u90e8\u957f\u82cf\u96f7\u5fb7\u5170\u7533\u8bf7\u524d\u5f80\u4e2d\u56fd\u53c2...",
			"thumbnails_qqnews_photo": [
				"http:\/\/inews.gtimg.com\/newsapp_ls\/0\/2032510131_640330\/0"
			],
			"showType": "three",
			"show_expr": 1,
			"pushCommentCount": 0,
			"graphicLiveID": "",
			"openAds": 0,
			"openAdsText": 1,
			"openAdsComment": 1,
			"openAdsPhotos": 0,
			"gesture": 1,
			"zhibo_vid": "",
			"chlid": "1048",
			"chlname": "\u53c2\u8003\u6d88\u606f",
			"chlsicon": "",
			"chlicon": "",
			"chlmrk": "",
			"intro": "",
			"FadCid": "",
			"media_id": "1048",
			"disableDeclare": 1,
			"forbidCommentUpDown": 1,
			"longtitle": "\u6d1e\u6717\u5bf9\u5cd9\u7ed3\u675f\u4e0d\u5230\u4e24\u5468\uff0c\u5370\u53c8\u5bf9\u534e\u641e\u5c0f\u52a8\u4f5c",
			"card": {
				"chlname": "\u53c2\u8003\u6d88\u606f",
				"chlid": "1048",
				"desc": "\u7eb5\u89c8\u5168\u7403\u5a92\u4f53\u7cbe\u534e\uff0c\u5173\u6ce8\u53c2\u8003\u6d88\u606f\u3002",
				"icon": "http:\/\/pnewsapp.tc.qq.com\/newsapp_ls\/0\/om_14205_100100\/0",
				"uin": "ecfe2439cdef4e0d354cf8549c557da1d8",
				"intro": "\u603b\u89c8\u5168\u7403\u5a92\u4f53\u7cbe\u534e\uff0c\u5173\u6ce8\u53c2\u8003\u6d88\u606f\u3002",
				"subCount": 472297,
				"msgEntry": 1,
				"wechat": "ckxxwx",
				"pubCount": 43573
			},
			"picShowType": 0,
			"show_source": 0,
			"forbidExpr": 1,
			"disableDelete": 0,
			"isSensitive": 0,
			"forbidRedPacket": 0,
			"toneScore": "2",
			"qualityScore": "4",
			"bigImage": [
				"http:\/\/inews.gtimg.com\/newsapp_ls\/0\/2032510131_870492\/0"
			],
			"realChlName": "\u519b\u4e8b",
			"dislikeOption": [
				{
					"id": "0011",
					"type": "common",
					"name": "\u5185\u5bb9\u8d28\u91cf\u5dee"
				}, {
					"id": "0022",
					"type": "common",
					"name": "\u91cd\u590d\u3001\u65e7\u95fb"
				}, {
					"type": "category",
					"name": "\u56fd\u9645\u65f6\u653f",
					"id": "55",
					"sid": "697"
				}, {
					"id": "8369256",
					"type": "tag",
					"name": "\u5916\u4ea4\u90e8"
				}, {
					"id": "76129",
					"type": "tag",
					"name": "\u96f7\u5fb7"
				}, {
					"id": "0044",
					"type": "source",
					"name": "\u6765\u6e90:\u53c2\u8003\u6d88\u606f"
				}
			],
			"alg_version": 1003,
			"seq_no": "8634337347708730786$$$2-4-7-\u519b\u4e8b-0-0-0-0-99$$$HOT|HQH|REC",
			"reasonInfo": "politics_RCM_4_0_international_1_5_0_255_1",
			"indexPos": "7",
			"labelList": [],
			"article_pos": 2,
			"is_focused": 0
		}, {
			"id": "20170911A05PCH00",
			"uinnick": "\u5730\u7403\u4e4b\u76d0",
			"uinname": "5581717",
			"title": "\u773c\u955c\u738b\u86c7\u8fdb\u6751\u5411\u4eba\u7c7b\u8ba8\u53e3\u6c34\u559d\uff01",
			"surl": "http:\/\/view.inews.qq.com\/a\/20170911A05PCH00",
			"short_url": "",
			"weiboid": "",
			"commentid": "2121795245",
			"url": "https:\/\/view.inews.qq.com\/a\/20170911A05PCH00",
			"origUrl": "",
			"time": "2017-09-11 16:27:21",
			"timestamp": 1505118441,
			"articletype": "1",
			"specialID": "",
			"showType_video": "normal",
			"thumbnails_big": [],
			"thumbnails_qqnews": [
				"http:\/\/inews.gtimg.com\/newsapp_ls\/0\/2029940935_870492\/0"
			],
			"thumbnails": [
				"http:\/\/inews.gtimg.com\/newsapp_ls\/0\/2029940935_640330\/0"
			],
			"qishu": "",
			"source": "\u5730\u7403\u4e4b\u76d0",
			"imagecount": 3,
			"comment": "",
			"flag": "16",
			"tag": [],
			"voteId": "",
			"voteNum": "",
			"abstract": "\u773c\u955c\u738b\u86c7\u53d7\u4e0d\u4e86\u5e72\u65f1\u8fdb\u6751\u5411\u4eba\u7c7b\u8ba8\u53e3\u6c34\u559d\uff01\u60ca\u9669\u7684\u5582\u6c34\u8fc7\u7a0b\u8ba9\u7f51\u53cb\u5fc3\u60ca\u8089\u8df3\uff01",
			"thumbnails_qqnews_photo": [
				"http:\/\/inews.gtimg.com\/newsapp_ls\/0\/2029940935_640330\/0"
			],
			"showType": "three",
			"show_expr": 1,
			"pushCommentCount": 0,
			"graphicLiveID": "",
			"openAds": 0,
			"openAdsText": 0,
			"openAdsComment": 1,
			"openAdsPhotos": 1,
			"gesture": 1,
			"zhibo_vid": "",
			"chlid": "5581717",
			"chlname": "\u5730\u7403\u4e4b\u76d0",
			"chlsicon": "",
			"chlicon": "",
			"chlmrk": "",
			"intro": "",
			"FadCid": "",
			"media_id": "5581717",
			"disableDeclare": 1,
			"forbidCommentUpDown": 1,
			"longtitle": "\u773c\u955c\u738b\u86c7\u8fdb\u6751\u5411\u4eba\u7c7b\u8ba8\u53e3\u6c34\u559d\uff01",
			"card": {
				"chlname": "\u5730\u7403\u4e4b\u76d0",
				"chlid": "5581717",
				"desc": "\u89c2\u4e16\u754c\uff0c\u770b\u5929\u4e0b\u3002\u5730\u7403\u5f88\u5927\uff0c\u4eba\u7c7b\u5f88\u5c0f\uff0c\u6211\u4eec\u53ea\u4e0d\u8fc7\u662f\u4e16\u754c\u7684\u4e00\u7c92\u76d0\u3002",
				"icon": "http:\/\/inews.gtimg.com\/newsapp_ls\/0\/1536478740_200200\/0",
				"uin": "ec8bb1459b9d84100312bf035bb43cd4d0",
				"intro": "",
				"subCount": 1638,
				"msgEntry": 1,
				"pubCount": 386
			},
			"picShowType": 3,
			"show_source": 0,
			"forbidExpr": 1,
			"disableDelete": 0,
			"isSensitive": 0,
			"forbidRedPacket": 0,
			"toneScore": "3",
			"qualityScore": "3",
			"bigImage": [
				"http:\/\/inews.gtimg.com\/newsapp_ls\/0\/2029940935_870492\/0"
			],
			"realChlName": "\u65c5\u6e38",
			"dislikeOption": [
				{
					"id": "0011",
					"type": "common",
					"name": "\u5185\u5bb9\u8d28\u91cf\u5dee"
				}, {
					"id": "0022",
					"type": "common",
					"name": "\u91cd\u590d\u3001\u65e7\u95fb"
				}, {
					"type": "category",
					"name": "\u73af\u5883\u4fdd\u62a4",
					"id": "229",
					"sid": "663"
				}, {
					"id": "5263409",
					"type": "tag",
					"name": "\u773c\u955c\u738b\u86c7"
				}, {
					"id": "0044",
					"type": "source",
					"name": "\u6765\u6e90:\u5730\u7403\u4e4b\u76d0"
				}
			],
			"alg_version": 1003,
			"seq_no": "8634337347708730786$$$3-3-106-\u65c5\u6e38-0-1-3-0-99$$$REC",
			"reasonInfo": "social_RCMTAG_3_0_huanjingbaohu_0_4_0_255_1",
			"indexPos": "106",
			"labelList": [],
			"article_pos": 3,
			"is_focused": 0
		}, {
			"id": "20170911A00PP900",
			"uinnick": "kerlon",
			"uinname": "5105805",
			"title": "C\u7f57\u6885\u897f\u4e4b\u540e\u4e16\u754c\u7b2c3\u4eba\u662f\u4ed6\uff01\u8eab\u4ef71.2\u4ebf\u6b27\u5143 \u4e0b\u4e00\u7ad9\u5df4\u8428\uff1f",
			"surl": "http:\/\/view.inews.qq.com\/a\/20170911A00PP900",
			"short_url": "",
			"weiboid": "",
			"commentid": "2121083336",
			"url": "https:\/\/view.inews.qq.com\/a\/20170911A00PP900",
			"origUrl": "",
			"time": "2017-09-11 07:45:02",
			"timestamp": 1505087102,
			"articletype": "0",
			"specialID": "",
			"showType_video": "normal",
			"thumbnails_big": [],
			"thumbnails_qqnews": [
				"http:\/\/inews.gtimg.com\/newsapp_ls\/0\/2028015750_294195\/0"
			],
			"thumbnails": [
				"http:\/\/inews.gtimg.com\/newsapp_ls\/0\/2028015750_294195\/0"
			],
			"qishu": "",
			"source": "kerlon",
			"imagecount": 0,
			"comment": "",
			"flag": "16",
			"tag": [],
			"voteId": "",
			"voteNum": "",
			"abstract": "\u6700\u8fd1\u51e0\u5e74\uff0c\u4e16\u754c\u8db3\u575b\u6700\u5f3a\u7684\u4e24\u4e2a\u4eba\u4e00\u76f4\u662fC\u7f57\u548c\u6885\u897f\uff0c\u8c01\u4f1a\u662f\u6885\u7f57\u540e\u7684\u7b2c3\u4eba\uff1f\u662f\u8eab\u4ef7\u9ad8\u8fbe2.22\u4ebf\u7684\u5185\u9a6c\u5c14\uff0c\u8fd8\u662f1.8\u4ebf\u7684\u59c6\u5df4\u4f69\uff1f\u5c24\u6587\u4e3b\u5e05\u963f\u83b1\u683c\u91cc\u65e5\u524d\u6307\u51fa\uff0c\u8fea\u5df4\u62c9\u662f\u6885\u897fC\u7f57\u540e\u4e16\u754c\u4e0a\u6700\u597d\u7684\u7403\u5458\uff0c\u672a\u6765\u4ed6\u53ef\u4ee5\u62ff\u5230\u91d1\u7403\u5956\u3002\u4e0d\u8fc7\u5a92\u4f53\u4e5f\u540c\u65f6\u6307\u51fa\uff0c\u5c3d\u7ba1\u8fea\u5df4\u62c9\u65b0\u8d5b\u5b63\u63a5\u8fc7\u4e86\u5c24\u6587\u768410\u53f7\u6218\u888d\uff0c\u4f46\u4e3a\u4e86\u5728\u804c\u4e1a\u751f\u6daf\u66f4\u8fdb\u4e00\u6b65\uff0c\u4ed6\u6548\u4eff\u535a\u683c\u5df4\u79bb\u5f00\u6591\u9a6c...",
			"thumbnails_qqnews_photo": [
				"http:\/\/inews.gtimg.com\/newsapp_ls\/0\/2028015750_640330\/0"
			],
			"showType": "three",
			"show_expr": 1,
			"pushCommentCount": 0,
			"graphicLiveID": "",
			"openAds": 0,
			"openAdsText": 1,
			"openAdsComment": 1,
			"openAdsPhotos": 0,
			"gesture": 1,
			"zhibo_vid": "",
			"chlid": "5105805",
			"chlname": "kerlon",
			"chlsicon": "",
			"chlicon": "",
			"chlmrk": "",
			"intro": "",
			"FadCid": "",
			"media_id": "5105805",
			"disableDeclare": 1,
			"forbidCommentUpDown": 1,
			"longtitle": "C\u7f57\u6885\u897f\u4e4b\u540e\u4e16\u754c\u7b2c3\u4eba\u662f\u4ed6\uff01\u8eab\u4ef71.2\u4ebf\u6b27\u5143 \u4e0b\u4e00\u7ad9\u5df4\u8428\uff1f",
			"card": {
				"chlname": "kerlon",
				"chlid": "5105805",
				"desc": "\u817e\u8baf\u4f53\u80b2\u56fd\u9645\u8db3\u7403\u8d44\u6df1\u4f5c\u8005\uff0c\u4e3a\u60a8\u5e26\u6765\u6700\u65b0\u9c9c\u70ed\u8fa3\u7684\u8db3\u575b\u8d44\u8baf\uff0c\u4e0e\u60a8\u4e00\u8d77\u804a\u7403\u8bc4\u7403",
				"icon": "http:\/\/inews.gtimg.com\/newsapp_ls\/0\/1569531881_200200\/0",
				"uin": "ec8bb1459b9d84100312bf035bb43cd4d0",
				"intro": "",
				"subCount": 439,
				"msgEntry": 1,
				"wechat": "kerlon1983",
				"pubCount": 439
			},
			"picShowType": 0,
			"show_source": 0,
			"forbidExpr": 1,
			"disableDelete": 0,
			"isSensitive": 0,
			"forbidRedPacket": 0,
			"toneScore": "3",
			"qualityScore": "3",
			"bigImage": [
				"http:\/\/inews.gtimg.com\/newsapp_ls\/0\/2028015750_870492\/0"
			],
			"realChlName": "\u8db3\u7403",
			"dislikeOption": [
				{
					"id": "0011",
					"type": "common",
					"name": "\u5185\u5bb9\u8d28\u91cf\u5dee"
				}, {
					"id": "0022",
					"type": "common",
					"name": "\u91cd\u590d\u3001\u65e7\u95fb"
				}, {
					"type": "category",
					"name": "\u897f\u7532",
					"id": "5",
					"sid": "319"
				}, {
					"id": "6698702",
					"type": "tag",
					"name": "\u8fea\u5df4\u62c9"
				}, {
					"id": "823436",
					"type": "tag",
					"name": "\u5df4\u8428"
				}, {
					"id": "0044",
					"type": "source",
					"name": "\u6765\u6e90:kerlon"
				}
			],
			"alg_version": 1003,
			"seq_no": "8634337347708730786$$$3-3-153-\u8db3\u7403-0-0-0-0-99$$$REC",
			"reasonInfo": "sports_RCM_3_0_xijia_1_3_0_255_1",
			"indexPos": "153",
			"labelList": [],
			"article_pos": 4,
			"is_focused": 0
		}, {
			"id": "20170911A0403K00",
			"uinnick": "\u73af\u7403\u7f51",
			"uinname": "26082",
			"title": "\u53eb\u56a3\u4e0e\u4e2d\u5df4\u4f5c\u6218\u7684\u5370\u9ad8\u5b98\u6539\u53e3\uff0c\u5370\u7f51\u6c11\u61f5\u4e86",
			"surl": "http:\/\/view.inews.qq.com\/a\/20170911A0403K00",
			"short_url": "",
			"weiboid": "",
			"commentid": "2121572210",
			"url": "https:\/\/view.inews.qq.com\/a\/20170911A0403K00",
			"origUrl": "",
			"time": "2017-09-11 13:36:27",
			"timestamp": 1505108187,
			"articletype": "0",
			"specialID": "",
			"showType_video": "normal",
			"thumbnails_big": [],
			"thumbnails_qqnews": [
				"http:\/\/inews.gtimg.com\/newsapp_ls\/0\/2029859545_294195\/0"
			],
			"thumbnails": [
				"http:\/\/inews.gtimg.com\/newsapp_ls\/0\/2029859545_294195\/0"
			],
			"qishu": "",
			"source": "\u73af\u7403\u7f51",
			"imagecount": 0,
			"comment": "",
			"flag": "",
			"tag": [],
			"voteId": "",
			"voteNum": "",
			"abstract": "\u201c\u8fd9\u4e24\u4e2a\u56fd\u5bb6\u90fd\u4e0d\u662f\u5370\u5ea6\u7684\u5a01\u80c1\u201d\u3002\u4e2d\u5370\u6d1e\u6717\u5bf9\u5cd9\u521a\u521a\u7ed3\u675f\uff0c\u5370\u5ea6\u9646\u519b\u53c2\u8c0b\u957f\u62c9\u74e6\u72799\u67086\u65e5\u5c31\u653e\u8bdd\u79f0\uff0c\u5370\u5ea6\u5fc5\u987b\u65f6\u523b\u51c6\u5907\u597d\u5bf9\u4e2d\u56fd\u548c\u5df4\u57fa\u65af\u5766\u7684\u201c\u4e24\u7ebf\u4f5c\u6218\u201d\uff0c\u56e0\u4e3a\u4e2d\u56fd\u201c\u6b63\u50cf\u5207\u9999\u80a0\u4e00\u6837\u5360\u9886\u5370\u5ea6\u9886\u5730\u201d\uff0c\u800c\u5df4\u57fa\u65af\u5766\u5219\u4f1a\u201c\u8d81\u706b\u6253\u52ab\u201d\u3002\u4e0d\u8fc7\uff0c\u4e0d\u5230\u4e00\u4e2a\u661f\u671f\uff0c\u8fd9\u4f4d\u53c2\u8c0b\u957f\u5c31\u53d8\u5366\u4e86\u3002\u5370\u5ea6\u9646\u519b\u53c2\u8c0b\u957f\u62c9\u74e6\u7279\u300a\u5370\u5ea6\u65af\u5766\u65f6\u62a5\u300b10\u65e5\u62a5\u9053\u79f0\uff0c\u62c9\u74e6...",
			"thumbnails_qqnews_photo": [
				"http:\/\/inews.gtimg.com\/newsapp_ls\/0\/2029859545_640330\/0"
			],
			"showType": "three",
			"show_expr": 1,
			"pushCommentCount": 0,
			"graphicLiveID": "",
			"openAds": 0,
			"openAdsText": 1,
			"openAdsComment": 1,
			"openAdsPhotos": 0,
			"gesture": 1,
			"zhibo_vid": "",
			"chlid": "26082",
			"chlname": "\u73af\u7403\u7f51",
			"chlsicon": "",
			"chlicon": "",
			"chlmrk": "",
			"intro": "",
			"FadCid": "",
			"media_id": "26082",
			"disableDeclare": 1,
			"forbidCommentUpDown": 1,
			"longtitle": "\u53eb\u56a3\u4e0e\u4e2d\u5df4\u4f5c\u6218\u7684\u5370\u9ad8\u5b98\u6539\u53e3\uff0c\u5370\u7f51\u6c11\u61f5\u4e86",
			"card": {
				"chlname": "\u73af\u7403\u7f51",
				"chlid": "26082",
				"desc": "\u73af\u7403\u7f51\uff0c\u4e86\u89e3\u4e16\u754c\uff0c\u878d\u5165\u4e16\u754c",
				"icon": "http:\/\/inews.gtimg.com\/newsapp_ls\/0\/210721792_100100\/0",
				"uin": "ec8bb1459b9d84100312bf035bb43cd4d0",
				"intro": "",
				"subCount": 207050,
				"msgEntry": 1,
				"pubCount": 7110
			},
			"picShowType": 0,
			"show_source": 0,
			"forbidExpr": 1,
			"disableDelete": 0,
			"isSensitive": 0,
			"forbidRedPacket": 0,
			"toneScore": "3",
			"qualityScore": "4",
			"bigImage": [
				"http:\/\/inews.gtimg.com\/newsapp_ls\/0\/2029859545_870492\/0"
			],
			"realChlName": "\u519b\u4e8b",
			"dislikeOption": [
				{
					"id": "0011",
					"type": "common",
					"name": "\u5185\u5bb9\u8d28\u91cf\u5dee"
				}, {
					"id": "0022",
					"type": "common",
					"name": "\u91cd\u590d\u3001\u65e7\u95fb"
				}, {
					"type": "category",
					"name": "\u4e2d\u56fd\u8fd1\u73b0\u4ee3\u53f2",
					"id": "66",
					"sid": "903"
				}, {
					"id": "1009664",
					"type": "tag",
					"name": "\u62c9\u74e6\u7279"
				}, {
					"id": "6357787",
					"type": "tag",
					"name": "\u53c2\u8c0b"
				}, {
					"id": "0044",
					"type": "source",
					"name": "\u6765\u6e90:\u73af\u7403\u7f51"
				}
			],
			"alg_version": 1003,
			"seq_no": "8634337347708730786$$$3-4-86-\u519b\u4e8b-0-0-0-0-99$$$HOT|REC",
			"reasonInfo": "history_RCMTAG_4_0_jinxian_0_5_0_255_1",
			"indexPos": "86",
			"labelList": [],
			"article_pos": 5,
			"is_focused": 0
		}, {
			"id": "NBA2017082601737800",
			"uinnick": "\u817e\u8baf\u65b0\u95fb",
			"uinname": "news_news_nba",
			"title": "\u5386\u53f2\u7b2c\u4e00\u4eba\u5355\u6311\u73b0\u5f79\u7b2c\u4e00\u4eba \u4e54\u4e39PK\u8a79\u59c6\u65af\u8c01\u8d62\uff1f",
			"surl": "http:\/\/view.inews.qq.com\/a\/NBA201708260173783D",
			"short_url": "https:\/\/view.inews.qq.com\/a\/NBA201708260173783D",
			"weiboid": "",
			"commentid": "2122858315",
			"url": "https:\/\/view.inews.qq.com\/a\/NBA201708260173783D",
			"origUrl": "",
			"time": "2017-08-07 07:59:15",
			"timestamp": 1502063955,
			"articletype": "100",
			"specialID": "",
			"showType_video": "normal",
			"thumbnails_big": [],
			"thumbnails_qqnews": [
				"http:\/\/inews.gtimg.com\/newsapp_ls\/0\/2032609340_294195\/0"
			],
			"thumbnails": [
				"http:\/\/inews.gtimg.com\/newsapp_ls\/0\/2032609340_294195\/0"
			],
			"qishu": "",
			"source": "\u817e\u8baf\u4f53\u80b2",
			"imagecount": 0,
			"comment": "",
			"flag": "4",
			"tag": [],
			"voteId": "",
			"voteNum": "",
			"abstract": "\u300a\u6700\u5f3aNBA\u7403\u661fPK\u5927\u8d5b\u300b\u7968\u9009\u7c7b\u7ebf\u4e0a\u8d5b\u4e8b\u8fdb\u5165\u534a\u51b3\u8d5b\uff0c\u201c\u5f53\u4eca\u8054\u76df\u7b2c\u4e00\u4eba\u201d\u52d2\u5e03\u6717-\u8a79\u59c6\u65af\uff0c\u78b0\u4e0a\u4e86\u201c\u53f2\u4e0a\u6700\u4f1f\u5927\u7403\u661f\u201d\u8fc8\u514b\u5c14-\u4e54\u4e39\uff0c\u5dc5\u5cf0\u5bf9\u51b3\uff0c\u5f15\u4eba\u5165\u80dc\u3002\u3010\u53c2\u4e0e\u6295\u7968\u3011\u3010\u67e5\u770b\u8d5b\u7a0b\u3011\u300a\u6700\u5f3aNBA\u7403\u661fPK\u5927\u8d5b\u300b\u6bd4\u8d5b\u4e3b\u4f53\u91c7\u7528\u5355\u8d25\u6dd8\u6c70\u8d5b\u5236\uff0c\u5728\u9996\u8f6e\u6bd4\u8d5b\u7ed3\u675f\u540e\u8bbe\u6709\u4e00\u8f6e\u590d\u6d3bPK\u8d5b\uff0c\u603b\u5171\u5206\u4e3a\u516d\u8f6e\uff1a32\u5f3a\u8d5b\uff0c\u590d\u6d3b\u8d5b\uff0c\u5341\u516d\u5f3a\u8d5b\uff0c\u516b\u5f3a\u8d5b\uff0c\u56db\u5f3a\u8d5b\uff0c",
			"thumbnails_qqnews_photo": [
				"http:\/\/inews.gtimg.com\/newsapp_ls\/0\/2032609340_640330\/0"
			],
			"showType": "three",
			"show_expr": 1,
			"pushCommentCount": 0,
			"graphicLiveID": "",
			"openAds": 0,
			"openAdsText": 0,
			"openAdsComment": 1,
			"openAdsPhotos": 0,
			"gesture": 1,
			"zhibo_vid": "",
			"chlid": "news_news_nba",
			"chlname": "\u817e\u8baf\u4f53\u80b2",
			"chlsicon": "",
			"chlicon": "",
			"chlmrk": "",
			"intro": "",
			"FadCid": "",
			"media_id": "",
			"disableDeclare": 1,
			"forbidCommentUpDown": 1,
			"longtitle": "\u5386\u53f2\u7b2c\u4e00\u4eba\u5355\u6311\u73b0\u5f79\u7b2c\u4e00\u4eba \u4e54\u4e39PK\u8a79\u59c6\u65af\u8c01\u8d62\uff1f",
			"picShowType": 0,
			"speciallistTitle": "\u6700\u5f3aNBA\u7403\u661fPK\u5927\u8d5b",
			"speciallistImgurl": "http:\/\/inews.gtimg.com\/newsapp_ls\/0\/1887337184_640330\/0",
			"show_source": 0,
			"forbidExpr": 1,
			"disableDelete": 0,
			"isSensitive": 0,
			"forbidRedPacket": 1,
			"toneScore": "2",
			"qualityScore": "3",
			"bigImage": [
				"http:\/\/inews.gtimg.com\/newsapp_ls\/0\/2032609340_870492\/0"
			],
			"realChlName": "NBA",
			"dislikeOption": [
				{
					"id": "0011",
					"type": "common",
					"name": "\u5185\u5bb9\u8d28\u91cf\u5dee"
				}, {
					"id": "0022",
					"type": "common",
					"name": "\u91cd\u590d\u3001\u65e7\u95fb"
				}, {
					"id": "0044",
					"type": "source",
					"name": "\u6765\u6e90:\u817e\u8baf\u4f53\u80b2"
				}
			],
			"alg_version": 1003,
			"seq_no": "8634337347708730786$$$2-3-0-NBA-0-100-0-0-99$$$RCMSTP",
			"reasonInfo": "sports_RCMSTP_3_0_nba_0_0_0_255_1",
			"indexPos": "0",
			"labelList": [
				{
					"type": 1,
					"color": "#ff1479D7",
					"nightColor": "#ff0f63b2",
					"word": "\u4e13\u9898",
					"border": 0,
					"displayMode": 0,
					"focusDisplayMode": 0
				}
			],
			"article_pos": 6,
			"is_focused": 0
		}, {
			"id": "20170910A03RKF00",
			"uinnick": "\u5019\u77e5\u5065",
			"uinname": "5015705",
			"title": "\u8fbd\u5b81\u53f7\u6c34\u7ebf\u8d77\u9508\uff0c\u771f\u7684\u662f\u201c\u4fdd\u517b\u592a\u5dee\u201d\u5417\uff1f",
			"surl": "http:\/\/view.inews.qq.com\/a\/20170910A03RKF00",
			"short_url": "",
			"weiboid": "",
			"commentid": "2120276593",
			"url": "https:\/\/view.inews.qq.com\/a\/20170910A03RKF00",
			"origUrl": "",
			"time": "2017-09-10 14:39:00",
			"timestamp": 1505025540,
			"articletype": "0",
			"specialID": "",
			"showType_video": "normal",
			"thumbnails_big": [],
			"thumbnails_qqnews": [
				"http:\/\/inews.gtimg.com\/newsapp_ls\/0\/2027784499_294195\/0"
			],
			"thumbnails": [
				"http:\/\/inews.gtimg.com\/newsapp_ls\/0\/2027784499_294195\/0"
			],
			"qishu": "",
			"source": "\u5019\u77e5\u5065",
			"imagecount": 0,
			"comment": "",
			"flag": "16",
			"tag": [],
			"voteId": "",
			"voteNum": "",
			"abstract": "\u5728\u8fbd\u5b81\u53f7\u822a\u6bcd\u8bbf\u95ee\u9999\u6e2f\u671f\u95f4\uff0c\u6709\u9999\u6e2f\u5a92\u4f53\u62cd\u6444\u5230\u8fbd\u5b81\u53f7\u6c34\u7ebf\u9644\u8fd1\u6709\u660e\u663e\u7684\u6d82\u88c5\u5265\u843d\u548c\u9508\u8ff9\uff0c\u5e76\u8ba4\u4e3a\u662f\u8fbd\u5b81\u53f7\u4fdd\u517b\u4e0d\u5f53\uff0c\u53cd\u6620\u4e86\u4e2d\u56fd\u6d77\u519b\u519b\u7eaa\u677e\u6563\u3002\u968f\u4e4b\u56fd\u5185\u6709\u5c0f\u7c89\u7ea2\u519b\u8ff7\u53cd\u8fc7\u6765\u4ee5\u8c23\u8f9f\u8c23\uff0c\u58f0\u79f0\u519b\u8230\u6d82\u6599\u5c31\u662f\u9760\u4e0d\u65ad\u5265\u79bb\u6765\u9632\u6c61\u7684\u3002\u56fe\uff1a\u6240\u4ee5\u8bf4\uff0c\u7acb\u573a\u65e0\u5173\u667a\u5546\uff0c\u667a\u5546\u65e0\u5173\u7acb\u573a\u9996\u5148\uff0c\u519b\u8230\u5728\u4f7f\u7528\u8fc7\u7a0b\u4e2d\uff0c\u65e0\u6cd5\u59cb\u7ec8\u4fdd\u6301\u6d82\u88c5\u7684\u5b8c\u6574\uff0c\u7279\u522b\u662f\u6c34\u7ebf\u9644\u8fd1...",
			"thumbnails_qqnews_photo": [
				"http:\/\/inews.gtimg.com\/newsapp_ls\/0\/2027784499_640330\/0"
			],
			"showType": "three",
			"show_expr": 1,
			"pushCommentCount": 0,
			"graphicLiveID": "",
			"openAds": 0,
			"openAdsText": 1,
			"openAdsComment": 1,
			"openAdsPhotos": 0,
			"gesture": 1,
			"zhibo_vid": "",
			"chlid": "5015705",
			"chlname": "\u5019\u77e5\u5065",
			"chlsicon": "",
			"chlicon": "",
			"chlmrk": "",
			"intro": "",
			"FadCid": "",
			"media_id": "5015705",
			"disableDeclare": 1,
			"forbidCommentUpDown": 1,
			"longtitle": "\u8fbd\u5b81\u53f7\u6c34\u7ebf\u8d77\u9508\uff0c\u771f\u7684\u662f\u201c\u4fdd\u517b\u592a\u5dee\u201d\u5417\uff1f",
			"card": {
				"chlname": "\u5019\u77e5\u5065",
				"chlid": "5015705",
				"desc": "\u4e00\u4e2a\u6570\u4e0d\u6e05\u81ea\u5df1\u548c\u591a\u5c11\u4e13\u8457\u8bba\u6587\u6253\u8fc7\u4ea4\u9053\u7684\u663c\u4f0f\u591c\u51fa\u8005\u3002\u4e13\u6ce8\u4e8e\u5265\u79bb\u519b\u4e8b\u65b0\u95fb\u4e2d\u6df1\u5c42\u7684\u57fa\u7840\u7406\u8bba\u3001\u6280\u672f\u539f\u7406\uff0c\u5c06\u5b83\u4ee5\u7b80\u5355\u76f4\u767d\u7684\u5f62\u8c61\u5c55\u793a\u7ed9\u591a\u6570\u4eba\u3002",
				"icon": "http:\/\/inews.gtimg.com\/newsapp_ls\/0\/95919134_100100\/0",
				"uin": "ec8bb1459b9d84100312bf035bb43cd4d0",
				"intro": "",
				"subCount": 26607,
				"msgEntry": 1,
				"pubCount": 1045
			},
			"picShowType": 0,
			"show_source": 0,
			"forbidExpr": 1,
			"disableDelete": 0,
			"isSensitive": 0,
			"forbidRedPacket": 0,
			"toneScore": "2",
			"qualityScore": "3",
			"bigImage": [
				"http:\/\/inews.gtimg.com\/newsapp_ls\/0\/2027784499_870492\/0"
			],
			"realChlName": "\u519b\u4e8b_\u8981\u95fb",
			"dislikeOption": [
				{
					"id": "0011",
					"type": "common",
					"name": "\u5185\u5bb9\u8d28\u91cf\u5dee"
				}, {
					"id": "0022",
					"type": "common",
					"name": "\u91cd\u590d\u3001\u65e7\u95fb"
				}, {
					"type": "category",
					"name": "\u6b66\u5668\u88c5\u5907",
					"id": "85",
					"sid": "744"
				}, {
					"id": "6228682",
					"type": "tag",
					"name": "\u8fbd\u5b81\u8230"
				}, {
					"id": "0044",
					"type": "source",
					"name": "\u6765\u6e90:\u5019\u77e5\u5065"
				}
			],
			"alg_version": 1003,
			"seq_no": "8634337347708730786$$$2-3-120-\u519b\u4e8b_\u8981\u95fb-0-0-0-0-99$$$HOT|REC",
			"reasonInfo": "mil_RCM_3_0_weapon_1_5_0_255_1",
			"indexPos": "120",
			"labelList": [],
			"article_pos": 7,
			"is_focused": 0
		}, {
			"id": "20170912A01HNE00",
			"uinnick": "\u4e09\u97e9\u89c2\u5bdf\u5bb6",
			"uinname": "5468938",
			"title": "\u6734\u69ff\u60e0\u4e0e\u201c\u4ec7\u4eba\u201d\u5f53\u5ead\u5bf9\u8d28 \u5267\u60c5\u53cd\u8f6c",
			"surl": "http:\/\/view.inews.qq.com\/a\/20170912A01HNE00",
			"short_url": "",
			"weiboid": "",
			"commentid": "2122903313",
			"url": "https:\/\/view.inews.qq.com\/a\/20170912A01HNE00",
			"origUrl": "",
			"time": "2017-09-12 08:35:09",
			"timestamp": 1505176509,
			"articletype": "0",
			"specialID": "",
			"showType_video": "normal",
			"thumbnails_big": [],
			"thumbnails_qqnews": [
				"http:\/\/inews.gtimg.com\/newsapp_ls\/0\/2032893103_294195\/0"
			],
			"thumbnails": [
				"http:\/\/inews.gtimg.com\/newsapp_ls\/0\/2032893103_294195\/0"
			],
			"qishu": "",
			"source": "\u4e09\u97e9\u89c2\u5bdf\u5bb6",
			"imagecount": 0,
			"comment": "",
			"flag": "16",
			"tag": [],
			"voteId": "",
			"voteNum": "",
			"abstract": "\u6734\u69ff\u60e0\u4e0e\u6614\u65e5\u201c\u4ec7\u4eba\u201d\u5f53\u5ead\u5bf9\u8d28\uff0c\u5267\u60c5\u53cd\u8f6c\u5982\u97e9\u5267",
			"thumbnails_qqnews_photo": [
				"http:\/\/inews.gtimg.com\/newsapp_ls\/0\/2032893103_640330\/0"
			],
			"showType": "three",
			"show_expr": 1,
			"pushCommentCount": 0,
			"graphicLiveID": "",
			"openAds": 0,
			"openAdsText": 1,
			"openAdsComment": 1,
			"openAdsPhotos": 0,
			"gesture": 1,
			"zhibo_vid": "",
			"chlid": "5468938",
			"chlname": "\u4e09\u97e9\u89c2\u5bdf\u5bb6",
			"chlsicon": "",
			"chlicon": "",
			"chlmrk": "",
			"intro": "",
			"FadCid": "",
			"media_id": "5468938",
			"disableDeclare": 1,
			"forbidCommentUpDown": 1,
			"longtitle": "\u6734\u69ff\u60e0\u4e0e\u201c\u4ec7\u4eba\u201d\u5f53\u5ead\u5bf9\u8d28 \u5267\u60c5\u53cd\u8f6c",
			"card": {
				"chlname": "\u4e09\u97e9\u89c2\u5bdf\u5bb6",
				"chlid": "5468938",
				"desc": "\u6bcf\u5929\u4e09\u5206\u949f\u89c2\u97e9\u56fd\u65f6\u8baf\u8da3\u95fb \u4ee5\u4e13\u4e1a\u7b14\u89e6\u8fd8\u539f\u534a\u5c9b\u771f\u5b9e\u98ce\u8c8c \n",
				"icon": "http:\/\/inews.gtimg.com\/newsapp_ls\/0\/1213016329_200200\/0",
				"uin": "ec8bb1459b9d84100312bf035bb43cd4d0",
				"intro": "",
				"subCount": 25785,
				"msgEntry": 1,
				"pubCount": 769
			},
			"picShowType": 0,
			"show_source": 0,
			"forbidExpr": 1,
			"disableDelete": 0,
			"isSensitive": 0,
			"forbidRedPacket": 0,
			"toneScore": "0",
			"qualityScore": "5",
			"bigImage": [
				"http:\/\/inews.gtimg.com\/newsapp_ls\/0\/2032893103_870492\/0"
			],
			"realChlName": "",
			"dislikeOption": [
				{
					"id": "0011",
					"type": "common",
					"name": "\u5185\u5bb9\u8d28\u91cf\u5dee"
				}, {
					"id": "0022",
					"type": "common",
					"name": "\u91cd\u590d\u3001\u65e7\u95fb"
				}, {
					"type": "category",
					"name": "\u56fd\u9645\u65f6\u653f",
					"id": "55",
					"sid": "697"
				}, {
					"id": "2943907",
					"type": "tag",
					"name": "\u6734\u69ff\u60e0"
				}, {
					"id": "8351683",
					"type": "tag",
					"name": "\u5d14\u987a\u5b9e"
				}, {
					"id": "0044",
					"type": "source",
					"name": "\u6765\u6e90:\u4e09\u97e9\u89c2\u5bdf\u5bb6"
				}
			],
			"alg_version": 1003,
			"seq_no": "8634337347708730786$$$0-5-58--0-0-0-0-99$$$HOT|REC",
			"reasonInfo": "politics_RCM_5_0_international_1_5_0_255_1",
			"indexPos": "58",
			"labelList": [],
			"article_pos": 8,
			"is_focused": 0
		}, {
			"id": "20170910V03E7500",
			"thumbnails_qqnews": [
				"http:\/\/inews.gtimg.com\/newsapp_ls\/0\/2025242672_196130\/0"
			],
			"thumbnails": [
				"http:\/\/inews.gtimg.com\/newsapp_ls\/0\/2025242672_196130\/0"
			],
			"articletype": "4",
			"flag": "3",
			"timestamp": 1505021549,
			"time": "2017-09-10 13:32:29",
			"commentid": "2120219374",
			"url": "https:\/\/view.inews.qq.com\/a\/20170910V03E7500",
			"title": "\u90a3\u65f6\u7684\u7687\u9a6c\u624d\u80fd\u53eb\u94f6\u6cb3\u6218\u8230\uff0c\u5b87\u5b99\u7ea7\u9635\u5bb9\u53ea\u6709\u5b64\u72ec\u6c42\u8d25",
			"tag": [],
			"abstract": "\u90a3\u65f6\u7684\u7687\u9a6c\u624d\u80fd\u53eb\u94f6\u6cb3\u6218\u8230\uff0c\u5b87\u5b99\u7ea7\u9635\u5bb9\u53ea\u6709\u5b64\u72ec\u6c42\u8d25",
			"author": [],
			"chlid": "5581454",
			"origUrl": "",
			"show_expr": 1,
			"hasVideo": 1,
			"picShowType": 0,
			"chlname": "\u4e01\u4e01\u4f53\u80b2",
			"source": "\u4e01\u4e01\u4f53\u80b2",
			"chlmrk": "\u7231\u8db3\u7403\uff0c\u7231\u4f53\u80b2\uff0c\u7231\u751f\u6d3b\uff01",
			"chlsicon": "http:\/\/inews.gtimg.com\/newsapp_ls\/0\/1535338885_200200\/0",
			"chlicon": "http:\/\/inews.gtimg.com\/newsapp_ls\/0\/1535338885_200200\/0",
			"uin": "ec8bb1459b9d84100312bf035bb43cd4d0",
			"card": {
				"chlname": "\u4e01\u4e01\u4f53\u80b2",
				"chlid": "5581454",
				"desc": "\u7231\u8db3\u7403\uff0c\u7231\u4f53\u80b2\uff0c\u7231\u751f\u6d3b\uff01",
				"icon": "http:\/\/inews.gtimg.com\/newsapp_ls\/0\/1535338885_200200\/0",
				"uin": "ec8bb1459b9d84100312bf035bb43cd4d0",
				"intro": "",
				"msgEntry": 1
			},
			"PlacementId": "",
			"SubAdOn": 0,
			"imagecount": 0,
			"media_id": "5581454",
			"videoTotalTime": "03:58",
			"disableDeclare": 1,
			"forbidCommentUpDown": 1,
			"video_channel": {
				"egid": "20170910V03E7500",
				"eid": "1",
				"openSupport": 1,
				"video": {
					"videosourcetype": 1,
					"playmode": 1,
					"duration": "03:58",
					"vid": "o0548ode7f7",
					"desc": "\u4e01\u4e01\u4f53\u80b2\uff1a\u90a3\u65f6\u7684\u7687\u9a6c\u624d\u80fd\u53eb\u94f6\u6cb3\u6218\u8230\uff0c\u5b87\u5b99\u7ea7\u9635\u5bb9\u53ea\u6709\u5b64\u72ec\u6c42\u8d25",
					"img": "http:\/\/inews.gtimg.com\/newsapp_ls\/0\/2025242672_640480\/0",
					"playurl": "http:\/\/inews.qq.com\/webVideo?vid=o0548ode7f7&img=http%3A%2F%2Finews.gtimg.com%2Fnewsapp_ls%2F0%2F2025242672_640480%2F0&appver=",
					"width": 640,
					"height": 400,
					"screenType": 0,
					"playcount": 126294
				}
			},
			"longtitle": "\u90a3\u65f6\u7684\u7687\u9a6c\u624d\u80fd\u53eb\u94f6\u6cb3\u6218\u8230\uff0c\u5b87\u5b99\u7ea7\u9635\u5bb9\u53ea\u6709\u5b64\u72ec\u6c42\u8d25",
			"show_source": 0,
			"forbidExpr": 1,
			"disableDelete": 0,
			"qishu": "",
			"isSensitive": 0,
			"forbidRedPacket": 1,
			"toneScore": "3",
			"qualityScore": "0",
			"bigImage": [
				"http:\/\/inews.gtimg.com\/newsapp_ls\/0\/2025242672_496280\/0"
			],
			"realChlName": "",
			"dislikeOption": [
				{
					"id": "0011",
					"type": "common",
					"name": "\u5185\u5bb9\u8d28\u91cf\u5dee"
				}, {
					"id": "0022",
					"type": "common",
					"name": "\u91cd\u590d\u3001\u65e7\u95fb"
				}, {
					"id": "0044",
					"type": "source",
					"name": "\u6765\u6e90:\u4e01\u4e01\u4f53\u80b2"
				}
			],
			"alg_version": 1003,
			"seq_no": "8634337347708730786$$$3-0-0--0-4-0-0-99$$$VCM",
			"reasonInfo": "\u4f53\u80b2_VCM_0_0_\u8db3\u7403_0_4_1_255_1",
			"indexPos": "0",
			"labelList": [],
			"article_pos": 9,
			"is_focused": 0
		}, {
			"id": "20170910A022NQ00",
			"uinnick": "\u4e2d\u56fd\u6c14\u8c61\u7231\u597d\u8005",
			"uinname": "5097765",
			"title": "\u5982\u679c\u6211\u4eec\u4eba\u7c7b\u518d\u8fd9\u6837\u653e\u7eb5\u81ea\u5df1\uff0c\u8fd9\u79cd\u53cb\u597d\u7684\u52a8\u7269\u5c06\u6c38\u8fdc\u6d88\u5931\uff01",
			"surl": "http:\/\/view.inews.qq.com\/a\/20170910A022NQ00",
			"short_url": "",
			"weiboid": "",
			"commentid": "2120003263",
			"url": "https:\/\/view.inews.qq.com\/a\/20170910A022NQ00",
			"origUrl": "",
			"time": "2017-09-10 10:20:22",
			"timestamp": 1505010022,
			"articletype": "0",
			"specialID": "",
			"showType_video": "normal",
			"thumbnails_big": [],
			"thumbnails_qqnews": [
				"http:\/\/inews.gtimg.com\/newsapp_ls\/0\/2026926240_294195\/0"
			],
			"thumbnails": [
				"http:\/\/inews.gtimg.com\/newsapp_ls\/0\/2026926240_294195\/0"
			],
			"qishu": "",
			"source": "\u4e2d\u56fd\u6c14\u8c61\u7231\u597d\u8005",
			"imagecount": 0,
			"comment": "",
			"flag": "16",
			"tag": [],
			"voteId": "",
			"voteNum": "",
			"abstract": "\u524d\u4e0d\u4e45\uff0c\u6211\u4eec\u62a5\u9053\u4e86\u6fd2\u4e34\u706d\u7edd\u7684\u5317\u5927\u897f\u6d0b\u9732\u810a\u9cb8\u5728\u4eca\u5e74\u5927\u91cf\u6b7b\u4ea1\u7684\u4e8b\uff0c\u6700\u8fd1\uff0c\u53e6\u4e00\u79cd\u9cb8\u9c7c\u7684\u5883\u9047\u4e5f\u518d\u5ea6\u8fdb\u5165\u4eba\u4eec\u7684\u89c6\u7ebf\u2014\u2014\u5728\u798f\u5efa\uff0c\u4e00\u6761\u5de8\u5927\u7684\u201c\u9cb8\u9c7c\u201d\u88ab\u5f53\u8857\u5207\u5272\u3002\u51e0\u5929\u524d\uff0c\u4e00\u4e2a\u6d41\u4f20\u7684\u89c6\u9891\u663e\u793a\uff0c\u4e00\u8f86\u8d27\u8f66\u62c9\u7740\u4e00\u5934\u5de8\u5927\u7684\u201c\u9cb8\u9c7c\u201d\u4ece\u8857\u5934\u7a7f\u8fc7\uff0c\u62d6\u884c\u9cb8\u9c7c\u5c3e\u90e8\u7684\u8840\u8ff9\u8513\u5ef6\u4e86\u4e00\u8def\u3002\u968f\u540e\uff0c\u8fd9\u6761\u9c7c\u88ab\u8fd0\u5230\u4e00\u5904\u5efa\u7b51\u5de5\u5730\u524d\uff0c\u5de5\u4eba\u624b\u6301\u952f\u5b50\u5f00\u59cb\u5207\u5272...",
			"thumbnails_qqnews_photo": [
				"http:\/\/inews.gtimg.com\/newsapp_ls\/0\/2026926240_640330\/0"
			],
			"showType": "three",
			"show_expr": 1,
			"pushCommentCount": 0,
			"graphicLiveID": "",
			"openAds": 0,
			"openAdsText": 1,
			"openAdsComment": 1,
			"openAdsPhotos": 0,
			"gesture": 1,
			"zhibo_vid": "",
			"chlid": "5097765",
			"chlname": "\u4e2d\u56fd\u6c14\u8c61\u7231\u597d\u8005",
			"chlsicon": "",
			"chlicon": "",
			"chlmrk": "",
			"intro": "",
			"FadCid": "",
			"media_id": "5097765",
			"disableDeclare": 1,
			"forbidCommentUpDown": 1,
			"longtitle": "\u5982\u679c\u6211\u4eec\u4eba\u7c7b\u518d\u8fd9\u6837\u653e\u7eb5\u81ea\u5df1\uff0c\u8fd9\u79cd\u53cb\u597d\u7684\u52a8\u7269\u5c06\u6c38\u8fdc\u6d88\u5931\uff01",
			"card": {
				"chlname": "\u4e2d\u56fd\u6c14\u8c61\u7231\u597d\u8005",
				"chlid": "5097765",
				"desc": "\u5929\u6c14\u5f62\u52bf\uff0c\u53f0\u98ce\u8ffd\u51fb\uff0c\u6c14\u8c61\u79d1\u666e\uff0c\u6c14\u5019\u53d8\u5316\u4e00\u53f7\u89e3\u51b3\u3002\u5fae\u535a\u3001\u5fae\u4fe1\u540d\u5747\u4e3a\u4e2d\u56fd\u6c14\u8c61\u7231\u597d\u8005",
				"icon": "http:\/\/inews.gtimg.com\/newsapp_ls\/0\/242589854_200200\/0",
				"uin": "ec8bb1459b9d84100312bf035bb43cd4d0",
				"intro": "",
				"subCount": 9895,
				"msgEntry": 1,
				"pubCount": 994
			},
			"picShowType": 0,
			"show_source": 0,
			"forbidExpr": 1,
			"disableDelete": 0,
			"isSensitive": 0,
			"forbidRedPacket": 0,
			"toneScore": "3",
			"qualityScore": "3",
			"bigImage": [
				"http:\/\/inews.gtimg.com\/newsapp_ls\/0\/2026926240_870492\/0"
			],
			"realChlName": "\u79d1\u666e",
			"dislikeOption": [
				{
					"id": "0011",
					"type": "common",
					"name": "\u5185\u5bb9\u8d28\u91cf\u5dee"
				}, {
					"id": "0022",
					"type": "common",
					"name": "\u91cd\u590d\u3001\u65e7\u95fb"
				}, {
					"type": "category",
					"name": "\u79d1\u666e",
					"id": "60",
					"sid": "774"
				}, {
					"id": "7119087",
					"type": "tag",
					"name": "\u9cb8\u9ca8"
				}, {
					"id": "6224946",
					"type": "tag",
					"name": "\u9cb8\u9c7c"
				}, {
					"id": "0044",
					"type": "source",
					"name": "\u6765\u6e90:\u4e2d\u56fd\u6c14\u8c61\u7231\u597d\u8005"
				}
			],
			"alg_version": 1003,
			"seq_no": "8634337347708730786$$$3-3-43-\u79d1\u666e-0-0-0-0-99$$$EECAT",
			"reasonInfo": "science_EECAT_3_0_popular_1_5_0_255_1",
			"indexPos": "43",
			"labelList": [],
			"article_pos": 10,
			"is_focused": 0
		}
	],
	"timestamp": 1505197365,
	"fixed_pos_list": [
		{
			"a_ver": "05",
			"id": "NEW2017091105418500",
			"fixed_pos": 0,
			"stick": 1,
			"fixed_pos_2": 0
		}
	],
	"recommWording": "\u53c8\u53d1\u73b0\u4e86#n#\u6761\u65b0\u5185\u5bb9",
	"newsTopPage": 1,
	"allow_top_animal": 1,
	"delete_list": [
		"SAF2017091103027500"
	],
	"updateTimestamp": 1505197365
}